email,subject,message

gefa@gsdhf,vvxdvx,dvxdvds
ads@uuw,adw,sasda
xfcr.xfcr@gmail.com,wdad,sdads
ads@uuw,wda,dasdd
ref@gg,efwf,esfsef
ref@gg,efwf,fdgdg
ref@gg,efwf,rgdrgd
ref@gg,efwf,grdgrd
ref@gg,efwf,edwdwed
ref@gg,efwf,dawdad
ded@erag,eded,ssvdaer
ssda@wfs,rad,FAWDASD
ssda@wfs,rad,regasad
efge@dga,f,dwdw
efge@dga,fadw,asda
efge@dga,fadw,wdaqwdq
efge@dga,fadw,wdad
efge@dga,fadw,dasdasx
efge@dga,fadw,'š00
efge@dga,fadw,efscdc
efge@dga,fadw,dgxv
efge@dga,fadw,gcfgx
efge@dga,fadw,gncgc
efge@dga,fadw,fxfxv
efge@dga,fadw,kokpko
